# Frozen 54-feature set from BART Run 6 (README run 6, hold-out AUROC 0.705).
# Provenance: b1410bd:data/predict_games/model_features_in/rfe_features_kfolds.csv .loc[54]
# (current rfe_features_kfolds.csv no longer has a 54-count row after Phase 2/3 RFE re-runs)
feature
is_home_target
target_def_cumulative_avg_points_allowed_rank
opp_def_cumulative_avg_points_allowed_rank
off_opp_passing_epa_cumulative_average_rank
target_off_cumulative_avg_score_rank
opp_off_cumulative_avg_score_rank
off_target_passing_epa_cumulative_average_rank
off_target_pacr
def_opp_rushing_yards_cumulative_average_rank
off_target_interceptions_cumulative_average_rank
def_target_carries_cumulative_average_rank
def_target_rushing_fumbles_lost_cumulative_average_rank
def_opp_attempts
def_target_attempts
def_target_rushing_yards_cumulative_average_rank
def_opp_rushing_tds_cumulative_average_rank
def_opp_racr
def_target_rushing_tds_cumulative_average_rank
off_target_sack_yards_cumulative_average_rank
opp_game_count
def_opp_rushing_first_downs_cumulative_average_rank
off_opp_passing_epa
off_target_passing_epa
off_opp_rushing_epa
def_opp_pacr_cumulative_average_rank_change
off_target_passing_yards_after_catch
off_target_passing_tds_cumulative_average_rank
off_opp_sacks_cumulative_average_rank
off_opp_carries_cumulative_average_rank
off_target_sacks_cumulative_average_rank
off_opp_receiving_fumbles_cumulative_average_rank
def_opp_passing_tds_cumulative_average_rank
def_target_receiving_fumbles_cumulative_average_rank_change
off_opp_interceptions_cumulative_average_rank
off_opp_passing_yards_after_catch
off_opp_sack_yards_cumulative_average_rank
def_opp_passing_yards
def_target_sack_yards
def_target_interceptions_cumulative_average_rank
off_target_attempts_cumulative_average_rank_change
def_opp_receiving_fumbles_cumulative_average_rank
def_target_sacks_cumulative_average_rank
def_opp_sack_yards
def_target_rushing_fumbles_cumulative_average_rank
off_opp_rushing_first_downs_cumulative_average_rank
off_target_sack_fumbles_cumulative_average_rank
off_target_rushing_tds_cumulative_average_rank
off_target_passing_yards
def_target_passing_tds_cumulative_average_rank
def_opp_sack_fumbles_cumulative_average_rank
off_target_carries_cumulative_average_rank_change
def_target_sack_yards_cumulative_average_rank
def_opp_passing_epa
def_target_passing_epa
